facility_id,operator,facility_class,city,locality,state,latitude,longitude,status,year_commissioned_or_expected,tier_standard,it_load_capacity_mw,gross_area_sqft,white_space_sqft,rack_capacity,avg_design_kw_per_rack,cooling_type,power_redundancy,ups_type,dg_capacity_mva,grid_connection_kv,renewable_share_pct,design_pue,measured_it_utilization,water_source,cable_landing_proximity,seismic_zone,synthetic
IN-DC-001,Ganga Colo Networks,Colocation,Mumbai,Navi Mumbai (Airoli/Rabale),Maharashtra,19.14843,72.98351,Operational,2009,Tier II,14.3,203974,74612,2600,5.5,Chilled water + fan wall (CRAH),N+1,VRLA-battery UPS,21.7,110,25,1.61,0.59,Municipal,Near Mumbai/Chennai CLS,3,True
IN-DC-002,Kaveri Hosting,Colocation,Mumbai,Navi Mumbai (Airoli/Rabale),Maharashtra,19.14246,72.99009,Operational,2016,Tier III,29.1,436130,175675,4711,6.2,Chilled water + fan wall (CRAH),N+1,VRLA-battery UPS,46.3,33,25,1.59,0.52,Borewell + municipal,Near Mumbai/Chennai CLS,3,True
IN-DC-003,Ashoka Compute Parks,Hyperscale,Mumbai,Navi Mumbai (Airoli/Rabale),Maharashtra,19.13283,72.98904,Operational,2014,Tier IV,141.7,1853627,612097,12049,11.8,Hybrid free-cooling + chilled water,2N+1,VRLA-battery UPS,213.7,132,25,1.4,0.38,Closed loop (low water),Near Mumbai/Chennai CLS,3,True
IN-DC-004,Sahyadri Datacenters,Enterprise,Mumbai,Navi Mumbai (Airoli/Rabale),Maharashtra,19.14203,72.99765,Operational,2009,Tier III,2.2,29560,10084,438,5.0,In-row cooling + hot-aisle containment,2N+1,VRLA-battery UPS,3.5,33,25,1.96,0.45,Municipal,Near Mumbai/Chennai CLS,3,True
IN-DC-005,Vindhya Digital,Hyperscale,Mumbai,Navi Mumbai (Airoli/Rabale),Maharashtra,19.12254,73.00138,Operational,2022,Tier III,25.2,385191,156157,1783,14.1,Hybrid free-cooling + chilled water,2N,VRLA-battery UPS,43.9,66,40,1.35,0.39,Municipal,Near Mumbai/Chennai CLS,3,True
IN-DC-006,Meridian India DC,Colocation,Mumbai,Navi Mumbai (Airoli/Rabale),Maharashtra,19.16016,73.02149,Operational,2013,Tier III,19.6,288613,126048,3563,5.5,In-row cooling + hot-aisle containment,N+1,Modular Li-ion UPS,26.6,66,10,1.63,0.57,Municipal,Near Mumbai/Chennai CLS,3,True
IN-DC-007,Kaveri Hosting,Colocation,Mumbai,Navi Mumbai (Airoli/Rabale),Maharashtra,19.18502,73.01128,Operational,2008,Tier III,14.1,184917,65098,2714,5.2,In-row cooling + hot-aisle containment,2N,Modular Li-ion UPS,20.7,110,0,1.56,0.86,Closed loop (low water),Near Mumbai/Chennai CLS,3,True
IN-DC-008,Meridian India DC,Enterprise,Mumbai,Powai/Chandivali,Maharashtra,19.12332,72.90907,Under construction,2026,Tier III,1.6,24404,10922,310,5.2,In-row cooling + hot-aisle containment,2N,VRLA-battery UPS,2.5,33,10,1.65,,Municipal,Near Mumbai/Chennai CLS,3,True
IN-DC-009,Kaveri Hosting,Colocation,Mumbai,Powai/Chandivali,Maharashtra,19.11189,72.90307,Under construction,2028,Tier IV,10.7,121892,43327,2126,5.0,Chilled water + fan wall (CRAH),2N,VRLA-battery UPS,14.9,66,25,1.42,,Treated sewage (STP),Near Mumbai/Chennai CLS,3,True
IN-DC-010,Ashoka Compute Parks,Hyperscale,Mumbai,Powai/Chandivali,Maharashtra,19.10125,72.89134,Operational,2015,Tier IV,18.1,200482,71045,1145,15.8,Hybrid free-cooling + chilled water,2N,VRLA-battery UPS,24.8,33,60,1.37,0.58,Treated sewage (STP),Near Mumbai/Chennai CLS,3,True
IN-DC-011,TerraNet India,Colocation,Mumbai,Powai/Chandivali,Maharashtra,19.12123,72.89871,Operational,2017,Tier II,12.4,182273,67909,2577,4.8,Chilled water + fan wall (CRAH),N+1,Modular Li-ion UPS,21.5,110,60,1.59,0.77,Municipal,Near Mumbai/Chennai CLS,3,True
IN-DC-012,TerraNet India,Enterprise,Mumbai,Panvel/Taloja,Maharashtra,18.99404,73.11706,Operational,2018,Tier III,14.5,214306,75111,3424,4.2,In-row cooling + hot-aisle containment,N+1,Modular Li-ion UPS,24.3,66,0,1.99,0.76,Municipal,Near Mumbai/Chennai CLS,3,True
IN-DC-013,Meridian India DC,Colocation,Mumbai,Panvel/Taloja,Maharashtra,19.00965,73.12321,Under construction,2028,Tier III,16.2,204129,81238,2852,5.7,Chilled water + CRAH,2N+1,VRLA-battery UPS,21.8,33,80,1.38,,Closed loop (low water),Near Mumbai/Chennai CLS,3,True
IN-DC-014,Nilgiri Cloudworks,AI-ready,Mumbai,Panvel/Taloja,Maharashtra,18.9983,73.12348,Under construction,2028,Tier IV,40.8,615395,225970,980,41.6,Direct-to-chip liquid + chilled water,N+1,Flywheel + VRLA UPS,56.0,110,100,1.25,,Borewell + municipal,Near Mumbai/Chennai CLS,3,True
IN-DC-015,Bharat Hyperscale,Hyperscale,Mumbai,Panvel/Taloja,Maharashtra,19.00999,73.11837,Operational,2018,Tier III,39.2,512001,170435,4262,9.2,Chilled water + fan wall (CRAH),2N,Flywheel + VRLA UPS,52.8,220,60,1.36,0.76,Municipal,Near Mumbai/Chennai CLS,3,True
IN-DC-016,Sahyadri Datacenters,Colocation,Mumbai,Thane/Mahape,Maharashtra,19.09994,73.01479,Under construction,2027,Tier III,11.3,137650,56278,1282,8.8,Chilled water + CRAH,2N,VRLA-battery UPS,16.8,110,100,1.49,,Municipal,Near Mumbai/Chennai CLS,3,True
IN-DC-017,Nilgiri Cloudworks,Hyperscale,Mumbai,Thane/Mahape,Maharashtra,19.11952,73.01658,Operational,2014,Tier III,41.5,538540,179907,3231,12.8,Hybrid free-cooling + chilled water,2N,Modular Li-ion UPS,69.7,110,100,1.44,0.81,Municipal,Near Mumbai/Chennai CLS,3,True
IN-DC-018,Vindhya Digital,Hyperscale,Mumbai,Thane/Mahape,Maharashtra,19.1164,73.02901,Operational,2022,Tier IV,29.5,333231,147214,2857,10.3,Hybrid free-cooling + chilled water,2N,VRLA-battery UPS,45.3,132,25,1.24,0.77,Treated sewage (STP),Near Mumbai/Chennai CLS,3,True
IN-DC-019,Deccan DataVault,Colocation,Pune,Hinjewadi,Maharashtra,18.5987,73.73757,Under construction,2028,Tier III,4.4,52965,21683,624,7.0,Chilled water + CRAH,N+1,Modular Li-ion UPS,6.0,33,40,1.59,,Borewell + municipal,Terrestrial backhaul,3,True
IN-DC-020,Kaveri Hosting,Colocation,Pune,Hinjewadi,Maharashtra,18.56221,73.72348,Operational,2015,Tier III,7.6,115049,50182,1527,5.0,Chilled water + fan wall (CRAH),2N,Modular Li-ion UPS,12.1,33,0,1.51,0.86,Closed loop (low water),Terrestrial backhaul,3,True
IN-DC-021,Vindhya Digital,Hyperscale,Pune,Hinjewadi,Maharashtra,18.57973,73.72447,Under construction,2027,Tier III,44.4,547563,239440,5011,8.9,Chilled water + fan wall (CRAH),N+1,Modular Li-ion UPS,69.8,220,40,1.3,,Treated sewage (STP),Terrestrial backhaul,3,True
IN-DC-022,Vindhya Digital,Hyperscale,Pune,Talawade/Chakan,Maharashtra,18.70733,73.79347,Operational,2015,Tier II,37.4,537720,238400,2426,15.4,Chilled water + fan wall (CRAH),N+1,Modular Li-ion UPS,62.2,110,60,1.45,0.87,Treated sewage (STP),Terrestrial backhaul,3,True
IN-DC-023,Himalaya Edge Compute,AI-ready,Pune,Talawade/Chakan,Maharashtra,18.70291,73.79462,Operational,2024,Tier III,18.6,284472,123980,500,37.2,Direct-to-chip liquid + chilled water,2N,Modular Li-ion UPS,31.1,66,40,1.34,0.62,Treated sewage (STP),Terrestrial backhaul,3,True
IN-DC-024,Sahyadri Datacenters,Enterprise,Pune,Talawade/Chakan,Maharashtra,18.67666,73.8011,Operational,2012,Tier III,4.7,58379,20881,986,4.8,Chilled water + CRAH,2N,Flywheel + VRLA UPS,6.7,11,0,1.61,0.68,Municipal,Terrestrial backhaul,3,True
IN-DC-025,Bharat Hyperscale,Hyperscale,Chennai,Siruseri/OMR,Tamil Nadu,12.83143,80.19554,Operational,2025,Tier III,62.1,703766,277133,4373,14.2,Hybrid free-cooling + chilled water,2N,VRLA-battery UPS,102.0,132,60,1.38,0.67,Treated sewage (STP),Near Mumbai/Chennai CLS,3,True
IN-DC-026,Konkan Digital Infra,Colocation,Chennai,Siruseri/OMR,Tamil Nadu,12.8344,80.20406,Operational,2020,Tier III,7.6,111441,46319,980,7.7,Chilled water + fan wall (CRAH),2N+1,VRLA-battery UPS,10.6,11,100,1.61,0.67,Closed loop (low water),Near Mumbai/Chennai CLS,3,True
IN-DC-027,Deccan DataVault,Colocation,Chennai,Siruseri/OMR,Tamil Nadu,12.83165,80.22424,Operational,2017,Tier II,18.0,209591,89857,2614,6.9,Chilled water + CRAH,N+1,VRLA-battery UPS,28.2,66,100,1.56,0.84,Closed loop (low water),Near Mumbai/Chennai CLS,3,True
IN-DC-028,TerraNet India,Colocation,Chennai,Siruseri/OMR,Tamil Nadu,12.8332,80.22779,Planned,2029,Tier III,10.4,144135,54383,1928,5.4,Chilled water + CRAH,N+1,VRLA-battery UPS,17.9,66,60,1.46,,Treated sewage (STP),Near Mumbai/Chennai CLS,3,True
IN-DC-029,Sahyadri Datacenters,Enterprise,Chennai,Ambattur,Tamil Nadu,13.08076,80.16419,Operational,2015,Tier II,2.0,27368,11410,377,5.3,Chilled water + CRAH,N+1,Modular Li-ion UPS,2.7,33,0,1.72,0.48,Municipal,Near Mumbai/Chennai CLS,3,True
IN-DC-030,Sahyadri Datacenters,Enterprise,Chennai,Ambattur,Tamil Nadu,13.11525,80.13482,Operational,2025,Tier II,3.0,42747,18937,536,5.6,Chilled water + fan wall (CRAH),N+1,Modular Li-ion UPS,4.5,11,10,1.76,0.63,Borewell + municipal,Near Mumbai/Chennai CLS,3,True
IN-DC-031,TerraNet India,Enterprise,Chennai,Mahindra World City,Tamil Nadu,12.84141,80.00371,Under construction,2026,Tier III,3.9,59067,20332,854,4.6,Chilled water + fan wall (CRAH),2N,Flywheel + VRLA UPS,6.5,33,0,1.61,,Closed loop (low water),Near Mumbai/Chennai CLS,3,True
IN-DC-032,Vindhya Digital,Hyperscale,Chennai,Mahindra World City,Tamil Nadu,12.85226,79.96832,Planned,2029,Tier III,40.2,629020,263762,2592,15.5,Chilled water + fan wall (CRAH),N+1,VRLA-battery UPS,63.4,66,100,1.33,,Closed loop (low water),Near Mumbai/Chennai CLS,3,True
IN-DC-033,Nilgiri Cloudworks,AI-ready,Hyderabad,Shamshabad/Maheshwaram,Telangana,17.22889,78.41518,Operational,2014,Tier III,60.9,974150,408305,1460,41.7,Rear-door heat exchanger + chilled water,N+1,VRLA-battery UPS,106.6,220,10,1.41,0.56,Municipal,Terrestrial backhaul,2,True
IN-DC-034,Bharat Hyperscale,AI-ready,Hyderabad,Shamshabad/Maheshwaram,Telangana,17.25392,78.42796,Operational,2015,Tier III,23.4,285065,118993,686,34.1,Rear-door heat exchanger + chilled water,2N+1,Modular Li-ion UPS,31.1,33,100,1.32,0.52,Closed loop (low water),Terrestrial backhaul,2,True
IN-DC-035,Kaveri Hosting,Colocation,Hyderabad,Shamshabad/Maheshwaram,Telangana,17.23819,78.40864,Operational,2021,Tier III,10.5,162276,62941,1666,6.3,Chilled water + fan wall (CRAH),2N,Modular Li-ion UPS,15.7,110,40,1.38,0.55,Treated sewage (STP),Terrestrial backhaul,2,True
IN-DC-036,Konkan Digital Infra,Colocation,Hyderabad,Shamshabad/Maheshwaram,Telangana,17.24777,78.44498,Under construction,2027,Tier III,7.0,104334,42147,888,7.9,Chilled water + CRAH,2N,Flywheel + VRLA UPS,11.8,11,40,1.51,,Municipal,Terrestrial backhaul,2,True
IN-DC-037,Sahyadri Datacenters,Colocation,Hyderabad,Gachibowli/HITEC City,Telangana,17.46026,78.32868,Under construction,2027,Tier II,16.6,244651,104104,2655,6.3,In-row cooling + hot-aisle containment,N+1,Flywheel + VRLA UPS,22.3,220,40,1.53,,Municipal,Terrestrial backhaul,2,True
IN-DC-038,Sahyadri Datacenters,Enterprise,Hyderabad,Gachibowli/HITEC City,Telangana,17.43284,78.35674,Operational,2019,Tier II,2.8,42821,17171,807,3.5,Chilled water + CRAH,N+1,Modular Li-ion UPS,4.1,33,0,1.84,0.71,Municipal,Terrestrial backhaul,2,True
IN-DC-039,TerraNet India,Enterprise,Hyderabad,Gachibowli/HITEC City,Telangana,17.43815,78.3472,Under construction,2027,Tier III,5.1,80661,33282,1033,4.9,Chilled water + CRAH,2N,VRLA-battery UPS,7.7,11,0,1.9,,Borewell + municipal,Terrestrial backhaul,2,True
IN-DC-040,Sahyadri Datacenters,Enterprise,Hyderabad,Gachibowli/HITEC City,Telangana,17.42546,78.34289,Operational,2009,Tier III,8.1,118395,46391,1472,5.5,Chilled water + fan wall (CRAH),2N,Modular Li-ion UPS,13.2,33,0,1.93,0.64,Treated sewage (STP),Terrestrial backhaul,2,True
IN-DC-041,Nilgiri Cloudworks,Hyperscale,Bengaluru,Whitefield,Karnataka,12.98885,77.75924,Operational,2024,Tier IV,7.0,87577,38612,450,15.5,Adiabatic/evaporative + chilled water,2N,VRLA-battery UPS,11.6,11,80,1.34,0.59,Closed loop (low water),Terrestrial backhaul,2,True
IN-DC-042,Meridian India DC,Colocation,Bengaluru,Whitefield,Karnataka,12.97149,77.73928,Operational,2019,Tier III,11.9,162669,65711,2154,5.5,In-row cooling + hot-aisle containment,N+1,Flywheel + VRLA UPS,19.6,66,25,1.69,0.48,Treated sewage (STP),Terrestrial backhaul,2,True
IN-DC-043,Meridian India DC,Colocation,Bengaluru,Whitefield,Karnataka,12.98285,77.72999,Under construction,2028,Tier III,8.3,129884,51760,1786,4.6,Chilled water + fan wall (CRAH),2N+1,Flywheel + VRLA UPS,13.2,11,80,1.59,,Municipal,Terrestrial backhaul,2,True
IN-DC-044,Ashoka Compute Parks,Hyperscale,Bengaluru,Electronic City/Sarjapur,Karnataka,12.82655,77.65113,Operational,2010,Tier III,16.3,235263,101248,2963,5.5,Chilled water + fan wall (CRAH),2N,Modular Li-ion UPS,22.8,33,25,1.42,0.78,Closed loop (low water),Terrestrial backhaul,2,True
IN-DC-045,Konkan Digital Infra,Colocation,Bengaluru,Electronic City/Sarjapur,Karnataka,12.83308,77.66217,Operational,2010,Tier III,10.5,155307,68808,1909,5.5,Chilled water + CRAH,2N,Modular Li-ion UPS,18.3,132,0,1.52,0.78,Treated sewage (STP),Terrestrial backhaul,2,True
IN-DC-046,Deccan DataVault,Colocation,Bengaluru,Electronic City/Sarjapur,Karnataka,12.85141,77.64683,Operational,2020,Tier III,7.4,108298,40197,881,8.4,Chilled water + CRAH,2N+1,Flywheel + VRLA UPS,12.1,33,25,1.5,0.46,Closed loop (low water),Terrestrial backhaul,2,True
IN-DC-047,Sahyadri Datacenters,Enterprise,Bengaluru,Electronic City/Sarjapur,Karnataka,12.84944,77.65055,Under construction,2027,Tier II,1.8,22532,8157,388,4.6,Chilled water + fan wall (CRAH),N+1,VRLA-battery UPS,2.9,33,0,1.7,,Closed loop (low water),Terrestrial backhaul,2,True
IN-DC-048,Vindhya Digital,Hyperscale,Noida,Noida Sector 62/135,Uttar Pradesh,28.59704,77.37682,Operational,2021,Tier III,14.4,161684,53681,1238,11.6,Adiabatic/evaporative + chilled water,N+1,Modular Li-ion UPS,24.4,110,80,1.41,0.69,Municipal,Terrestrial backhaul,4,True
IN-DC-049,Ganga Colo Networks,Colocation,Noida,Noida Sector 62/135,Uttar Pradesh,28.59185,77.3389,Under construction,2026,Tier III,7.3,107783,43956,1103,6.6,Chilled water + CRAH,N+1,Modular Li-ion UPS,11.0,33,25,1.46,,Closed loop (low water),Terrestrial backhaul,4,True
IN-DC-050,Bharat Hyperscale,Hyperscale,Noida,Noida Sector 62/135,Uttar Pradesh,28.58387,77.36883,Under construction,2028,Tier III,29.6,471984,187190,2818,10.5,Chilled water + fan wall (CRAH),2N,Modular Li-ion UPS,45.9,110,25,1.24,,Borewell + municipal,Terrestrial backhaul,4,True
IN-DC-051,Kaveri Hosting,Colocation,Noida,Noida Sector 62/135,Uttar Pradesh,28.58678,77.33758,Operational,2010,Tier III,7.1,86371,33826,1290,5.5,Chilled water + CRAH,N+1,Modular Li-ion UPS,11.9,33,80,1.6,0.83,Municipal,Terrestrial backhaul,4,True
IN-DC-052,Sahyadri Datacenters,Enterprise,Greater Noida,Knowledge Park V,Uttar Pradesh,28.45926,77.49757,Operational,2012,Tier III,4.2,66739,27506,908,4.6,DX precision AC,N+1,Modular Li-ion UPS,7.4,33,10,1.76,0.52,Municipal,Terrestrial backhaul,4,True
IN-DC-053,TerraNet India,Colocation,Greater Noida,Knowledge Park V,Uttar Pradesh,28.45805,77.50485,Operational,2010,Tier III,10.2,137172,56958,1854,5.5,In-row cooling + hot-aisle containment,2N,VRLA-battery UPS,18.1,132,60,1.51,0.67,Closed loop (low water),Terrestrial backhaul,4,True
IN-DC-054,Sahyadri Datacenters,Enterprise,Greater Noida,Knowledge Park V,Uttar Pradesh,28.46071,77.51036,Planned,2030,Tier II,5.9,90431,40645,1498,3.9,Chilled water + CRAH,N+1,Flywheel + VRLA UPS,8.2,33,10,1.87,,Closed loop (low water),Terrestrial backhaul,4,True
IN-DC-055,Vindhya Digital,Hyperscale,Greater Noida,Knowledge Park V,Uttar Pradesh,28.47921,77.49195,Planned,2029,Tier III,40.5,576537,205394,2637,15.4,Hybrid free-cooling + chilled water,2N,VRLA-battery UPS,61.8,33,25,1.22,,Municipal,Terrestrial backhaul,4,True
IN-DC-056,Ganga Colo Networks,Colocation,Delhi,Okhla/Mohan Estate,Delhi,28.53529,77.26092,Operational,2012,Tier III,4.7,60686,25721,912,5.2,In-row cooling + hot-aisle containment,2N+1,Flywheel + VRLA UPS,7.9,11,10,1.6,0.45,Treated sewage (STP),Terrestrial backhaul,4,True
IN-DC-057,Meridian India DC,Colocation,Delhi,Okhla/Mohan Estate,Delhi,28.54388,77.27166,Operational,2017,Tier III,2.7,42017,15418,497,5.4,Chilled water + fan wall (CRAH),2N,VRLA-battery UPS,3.8,33,0,1.51,0.7,Treated sewage (STP),Terrestrial backhaul,4,True
IN-DC-058,Nilgiri Cloudworks,AI-ready,Gurugram,Manesar/Sector 48,Haryana,28.3884,77.04686,Under construction,2027,Tier III,26.9,333683,128861,991,27.1,Direct-to-chip liquid + chilled water,2N,Modular Li-ion UPS,35.8,66,40,1.26,,Borewell + municipal,Terrestrial backhaul,4,True
IN-DC-059,Sahyadri Datacenters,Enterprise,Gurugram,Manesar/Sector 48,Haryana,28.38358,77.01092,Planned,2027,Tier III,2.8,43125,17634,905,3.1,Chilled water + CRAH,2N,Flywheel + VRLA UPS,4.6,33,0,1.69,,Closed loop (low water),Terrestrial backhaul,4,True
IN-DC-060,Ashoka Compute Parks,Hyperscale,Kolkata,New Town (Action Area II),West Bengal,22.57847,88.45654,Operational,2011,Tier IV,32.9,513876,192208,5981,5.5,Chilled water + fan wall (CRAH),2N,Flywheel + VRLA UPS,47.3,110,10,1.41,0.77,Municipal,Terrestrial backhaul,3,True
IN-DC-061,Sahyadri Datacenters,Colocation,Kolkata,New Town (Action Area II),West Bengal,22.56405,88.44343,Operational,2012,Tier IV,5.4,71592,23653,981,5.5,Chilled water + CRAH,N+1,VRLA-battery UPS,7.1,33,60,1.56,0.59,Municipal,Terrestrial backhaul,3,True
IN-DC-062,Deccan DataVault,Colocation,Kolkata,New Town (Action Area II),West Bengal,22.57074,88.47414,Under construction,2026,Tier III,2.0,22662,9647,288,6.9,In-row cooling + hot-aisle containment,N+1,Modular Li-ion UPS,2.7,11,25,1.39,,Municipal,Terrestrial backhaul,3,True
IN-DC-063,Meridian India DC,Colocation,Kolkata,Ultadanga/Salt Lake,West Bengal,22.61035,88.40816,Operational,2021,Tier IV,2.2,34393,13045,297,7.4,In-row cooling + hot-aisle containment,N+1,Modular Li-ion UPS,3.6,11,0,1.42,0.68,Treated sewage (STP),Terrestrial backhaul,3,True
IN-DC-064,Bharat Hyperscale,AI-ready,Ahmedabad,GIFT City/Gandhinagar,Gujarat,23.16103,72.65824,Operational,2015,Tier III,19.0,253807,85301,545,34.8,Direct-to-chip liquid + chilled water,2N,Modular Li-ion UPS,31.3,33,10,1.27,0.72,Closed loop (low water),Terrestrial backhaul,3,True
IN-DC-065,Sahyadri Datacenters,Enterprise,Ahmedabad,GIFT City/Gandhinagar,Gujarat,23.17194,72.68551,Operational,2019,Tier II,4.7,58601,24050,1185,4.0,In-row cooling + hot-aisle containment,N+1,Modular Li-ion UPS,6.6,33,0,1.86,0.53,Closed loop (low water),Terrestrial backhaul,3,True
IN-DC-066,Ashoka Compute Parks,Hyperscale,Ahmedabad,GIFT City/Gandhinagar,Gujarat,23.15462,72.69416,Operational,2013,Tier III,19.5,307290,106675,3545,5.5,Chilled water + fan wall (CRAH),N+1,Modular Li-ion UPS,32.7,220,100,1.31,0.54,Treated sewage (STP),Terrestrial backhaul,3,True
IN-DC-067,Ganga Colo Networks,Colocation,Visakhapatnam,Madhurawada,Andhra Pradesh,17.77964,83.34343,Operational,2012,Tier III,23.4,374195,165213,4254,5.5,Chilled water + CRAH,N+1,Modular Li-ion UPS,37.8,33,25,1.52,0.63,Municipal,Terrestrial backhaul,2,True
IN-DC-068,Ashoka Compute Parks,AI-ready,Visakhapatnam,Madhurawada,Andhra Pradesh,17.80842,83.34934,Operational,2017,Tier III,26.3,420415,148095,442,59.5,Direct-to-chip liquid + chilled water,2N+1,VRLA-battery UPS,37.0,66,0,1.3,0.64,Municipal,Terrestrial backhaul,2,True
IN-DC-069,Deccan DataVault,Colocation,Visakhapatnam,Madhurawada,Andhra Pradesh,17.82936,83.33729,Under construction,2027,Tier IV,8.9,105860,38815,1117,8.0,Chilled water + CRAH,N+1,Modular Li-ion UPS,13.4,11,60,1.61,,Municipal,Terrestrial backhaul,2,True
IN-DC-070,Nilgiri Cloudworks,AI-ready,Kochi,Infopark,Kerala,10.00076,76.36386,Planned,2028,Tier II,7.0,92271,30927,223,31.3,Direct-to-chip liquid + chilled water,N+1,Modular Li-ion UPS,11.2,33,10,1.29,,Closed loop (low water),Terrestrial backhaul,3,True
IN-DC-071,Nilgiri Cloudworks,Hyperscale,Kochi,Infopark,Kerala,10.01421,76.367,Operational,2015,Tier III,25.4,352055,137562,1795,14.1,Chilled water + fan wall (CRAH),N+1,Modular Li-ion UPS,38.5,220,60,1.33,0.55,Closed loop (low water),Terrestrial backhaul,3,True
IN-DC-072,Nilgiri Cloudworks,Hyperscale,Jaipur,Mahindra SEZ,Rajasthan,26.82334,75.67499,Operational,2024,Tier III,12.0,137386,60529,903,13.3,Adiabatic/evaporative + chilled water,2N,Modular Li-ion UPS,17.7,132,25,1.31,0.58,Municipal,Terrestrial backhaul,2,True
IN-DC-073,Sahyadri Datacenters,Colocation,Jaipur,Mahindra SEZ,Rajasthan,26.81885,75.65535,Planned,2027,Tier II,3.8,45628,18451,779,4.9,In-row cooling + hot-aisle containment,N+1,VRLA-battery UPS,6.3,11,25,1.43,,Municipal,Terrestrial backhaul,2,True
IN-DC-074,Nilgiri Cloudworks,Hyperscale,Indore,Super Corridor,Madhya Pradesh,22.75144,75.87053,Operational,2022,Tier III,19.5,238908,103085,1366,14.3,Chilled water + fan wall (CRAH),2N,VRLA-battery UPS,35.0,110,25,1.41,0.62,Municipal,Terrestrial backhaul,2,True
