timestamp,sensor_id,sector,model,grid_region,training_it_kw,inference_it_kw,it_power_kw,pue,facility_power_kw,grid_intensity_g_per_kwh,energy_kwh,co2_kg
2026-10-03T11:00:00,AI-01,ai,training + inference (GPT-6 Astra | camel-ai/CAMEL-13B-Combined-Data),Azure / South Africa West,513.06,414.12,927.18,1.5,1390.77,1028.0,1390.77,1429.71
2026-10-03T12:00:00,AI-01,ai,training + inference (GPT-6 Astra | camel-ai/CAMEL-13B-Combined-Data),Azure / South Africa West,499.8,453.33,953.12,1.5,1429.69,982.7,1429.69,1404.95
2026-10-03T13:00:00,AI-01,ai,training + inference (GPT-6 Astra | camel-ai/CAMEL-13B-Combined-Data),Azure / South Africa West,509.89,441.22,951.11,1.5,1426.67,1002.6,1426.67,1430.38
2026-10-03T14:00:00,AI-01,ai,training + inference (GPT-6 Astra | camel-ai/CAMEL-13B-Combined-Data),Azure / South Africa West,507.67,486.42,994.09,1.5,1491.14,991.8,1491.14,1478.91
2026-10-03T15:00:00,AI-01,ai,training + inference (GPT-6 Astra | camel-ai/CAMEL-13B-Combined-Data),Azure / South Africa West,509.84,489.74,999.58,1.5,1499.37,1024.7,1499.37,1536.41
2026-10-03T16:00:00,AI-01,ai,training + inference (GPT-6 Astra | camel-ai/CAMEL-13B-Combined-Data),Azure / South Africa West,502.65,497.35,1000.0,1.5,1500.0,1031.7,1500.0,1547.55
2026-10-03T17:00:00,AI-01,ai,training + inference (GPT-6 Astra | camel-ai/CAMEL-13B-Combined-Data),Azure / South Africa West,501.07,469.58,970.65,1.5,1455.98,991.7,1455.98,1443.9
2026-10-03T18:00:00,AI-01,ai,training + inference (GPT-6 Astra | camel-ai/CAMEL-13B-Combined-Data),Azure / South Africa West,496.72,449.56,946.29,1.5,1419.43,989.6,1419.43,1404.67
2026-10-03T19:00:00,AI-01,ai,training + inference (GPT-6 Astra | camel-ai/CAMEL-13B-Combined-Data),Azure / South Africa West,495.37,414.9,910.27,1.5,1365.4,1008.0,1365.4,1376.33
2026-10-03T20:00:00,AI-01,ai,training + inference (GPT-6 Astra | camel-ai/CAMEL-13B-Combined-Data),Azure / South Africa West,486.57,381.76,868.33,1.5,1302.5,995.3,1302.5,1296.38
2026-10-03T21:00:00,AI-01,ai,training + inference (GPT-6 Astra | camel-ai/CAMEL-13B-Combined-Data),Azure / South Africa West,490.32,328.91,819.23,1.5,1228.84,1005.9,1228.84,1236.09
2026-10-03T22:00:00,AI-01,ai,training + inference (GPT-6 Astra | camel-ai/CAMEL-13B-Combined-Data),Azure / South Africa West,479.98,300.15,780.12,1.5,1170.19,1001.9,1170.19,1172.41
2026-10-03T23:00:00,AI-01,ai,training + inference (GPT-6 Astra | camel-ai/CAMEL-13B-Combined-Data),Azure / South Africa West,483.11,247.89,731.0,1.5,1096.51,1016.4,1096.51,1114.49
2026-10-04T00:00:00,AI-01,ai,training + inference (GPT-6 Astra | camel-ai/CAMEL-13B-Combined-Data),Azure / South Africa West,482.03,221.62,703.65,1.5,1055.48,1017.7,1055.48,1074.16
2026-10-04T01:00:00,AI-01,ai,training + inference (GPT-6 Astra | camel-ai/CAMEL-13B-Combined-Data),Azure / South Africa West,490.85,195.22,686.07,1.5,1029.1,1000.8,1029.1,1029.92
2026-10-04T02:00:00,AI-01,ai,training + inference (GPT-6 Astra | camel-ai/CAMEL-13B-Combined-Data),Azure / South Africa West,479.57,188.29,667.86,1.5,1001.79,992.6,1001.79,994.37
2026-10-04T03:00:00,AI-01,ai,training + inference (GPT-6 Astra | camel-ai/CAMEL-13B-Combined-Data),Azure / South Africa West,487.39,168.86,656.25,1.5,984.37,1031.8,984.37,1015.67
2026-10-04T04:00:00,AI-01,ai,training + inference (GPT-6 Astra | camel-ai/CAMEL-13B-Combined-Data),Azure / South Africa West,486.92,180.19,667.11,1.5,1000.67,992.0,1000.67,992.66
2026-10-04T05:00:00,AI-01,ai,training + inference (GPT-6 Astra | camel-ai/CAMEL-13B-Combined-Data),Azure / South Africa West,487.0,192.17,679.18,1.5,1018.77,1022.1,1018.77,1041.28
2026-10-04T06:00:00,AI-01,ai,training + inference (GPT-6 Astra | camel-ai/CAMEL-13B-Combined-Data),Azure / South Africa West,498.58,212.74,711.32,1.5,1066.98,1020.0,1066.98,1088.32
2026-10-04T07:00:00,AI-01,ai,training + inference (GPT-6 Astra | camel-ai/CAMEL-13B-Combined-Data),Azure / South Africa West,495.42,256.72,752.14,1.5,1128.21,1013.7,1128.21,1143.67
2026-10-04T08:00:00,AI-01,ai,training + inference (GPT-6 Astra | camel-ai/CAMEL-13B-Combined-Data),Azure / South Africa West,502.91,283.75,786.65,1.5,1179.98,1013.4,1179.98,1195.79
2026-10-04T09:00:00,AI-01,ai,training + inference (GPT-6 Astra | camel-ai/CAMEL-13B-Combined-Data),Azure / South Africa West,509.8,331.9,841.7,1.5,1262.55,1013.5,1262.55,1279.59
2026-10-04T10:00:00,AI-01,ai,training + inference (GPT-6 Astra | camel-ai/CAMEL-13B-Combined-Data),Azure / South Africa West,511.21,381.68,892.89,1.5,1339.33,1010.4,1339.33,1353.26
2026-10-04T11:00:00,AI-01,ai,training + inference (GPT-6 Astra | camel-ai/CAMEL-13B-Combined-Data),Azure / South Africa West,510.71,418.72,929.43,1.5,1394.15,1021.7,1394.15,1424.4
2026-10-04T12:00:00,AI-01,ai,training + inference (GPT-6 Astra | camel-ai/CAMEL-13B-Combined-Data),Azure / South Africa West,502.32,447.19,949.51,1.5,1424.26,1002.5,1424.26,1427.82
2026-10-04T13:00:00,AI-01,ai,training + inference (GPT-6 Astra | camel-ai/CAMEL-13B-Combined-Data),Azure / South Africa West,506.85,448.17,955.01,1.5,1432.52,996.1,1432.52,1426.93
2026-10-04T14:00:00,AI-01,ai,training + inference (GPT-6 Astra | camel-ai/CAMEL-13B-Combined-Data),Azure / South Africa West,506.36,477.72,984.08,1.5,1476.12,1039.2,1476.12,1533.99
2026-10-04T15:00:00,AI-01,ai,training + inference (GPT-6 Astra | camel-ai/CAMEL-13B-Combined-Data),Azure / South Africa West,501.02,485.94,986.96,1.5,1480.45,1028.5,1480.45,1522.64
2026-10-04T16:00:00,AI-01,ai,training + inference (GPT-6 Astra | camel-ai/CAMEL-13B-Combined-Data),Azure / South Africa West,493.87,471.98,965.84,1.5,1448.77,1002.2,1448.77,1451.95
2026-10-04T17:00:00,AI-01,ai,training + inference (GPT-6 Astra | camel-ai/CAMEL-13B-Combined-Data),Azure / South Africa West,499.55,444.99,944.54,1.5,1416.81,1020.8,1416.81,1446.28
2026-10-04T18:00:00,AI-01,ai,training + inference (GPT-6 Astra | camel-ai/CAMEL-13B-Combined-Data),Azure / South Africa West,498.42,445.51,943.93,1.5,1415.89,1025.0,1415.89,1451.29
2026-10-04T19:00:00,AI-01,ai,training + inference (GPT-6 Astra | camel-ai/CAMEL-13B-Combined-Data),Azure / South Africa West,489.35,419.12,908.47,1.5,1362.7,999.7,1362.7,1362.29
2026-10-04T20:00:00,AI-01,ai,training + inference (GPT-6 Astra | camel-ai/CAMEL-13B-Combined-Data),Azure / South Africa West,491.66,368.06,859.72,1.5,1289.58,1005.1,1289.58,1296.16
2026-10-04T21:00:00,AI-01,ai,training + inference (GPT-6 Astra | camel-ai/CAMEL-13B-Combined-Data),Azure / South Africa West,478.22,339.25,817.47,1.5,1226.21,986.1,1226.21,1209.16
2026-10-04T22:00:00,AI-01,ai,training + inference (GPT-6 Astra | camel-ai/CAMEL-13B-Combined-Data),Azure / South Africa West,477.61,278.44,756.05,1.5,1134.08,1019.0,1134.08,1155.62
2026-10-04T23:00:00,AI-01,ai,training + inference (GPT-6 Astra | camel-ai/CAMEL-13B-Combined-Data),Azure / South Africa West,481.24,244.19,725.43,1.5,1088.15,1022.9,1088.15,1113.07
2026-10-05T00:00:00,AI-01,ai,training + inference (GPT-6 Astra | camel-ai/CAMEL-13B-Combined-Data),Azure / South Africa West,478.0,219.07,697.07,1.5,1045.61,1012.2,1045.61,1058.36
2026-10-05T01:00:00,AI-01,ai,training + inference (GPT-6 Astra | camel-ai/CAMEL-13B-Combined-Data),Azure / South Africa West,483.57,190.36,673.93,1.5,1010.89,1002.8,1010.89,1013.72
2026-10-05T02:00:00,AI-01,ai,training + inference (GPT-6 Astra | camel-ai/CAMEL-13B-Combined-Data),Azure / South Africa West,484.24,180.24,664.48,1.5,996.73,995.6,996.73,992.34
2026-10-05T03:00:00,AI-01,ai,training + inference (GPT-6 Astra | camel-ai/CAMEL-13B-Combined-Data),Azure / South Africa West,482.64,173.85,656.49,1.5,984.73,1001.3,984.73,986.01
2026-10-05T04:00:00,AI-01,ai,training + inference (GPT-6 Astra | camel-ai/CAMEL-13B-Combined-Data),Azure / South Africa West,481.64,174.99,656.64,1.5,984.96,1018.8,984.96,1003.48
2026-10-05T05:00:00,AI-01,ai,training + inference (GPT-6 Astra | camel-ai/CAMEL-13B-Combined-Data),Azure / South Africa West,488.75,185.91,674.66,1.5,1011.99,1009.3,1011.99,1021.41
2026-10-05T06:00:00,AI-01,ai,training + inference (GPT-6 Astra | camel-ai/CAMEL-13B-Combined-Data),Azure / South Africa West,497.28,215.07,712.34,1.5,1068.52,1018.0,1068.52,1087.75
2026-10-05T07:00:00,AI-01,ai,training + inference (GPT-6 Astra | camel-ai/CAMEL-13B-Combined-Data),Azure / South Africa West,502.06,254.74,756.8,1.5,1135.2,1007.0,1135.2,1143.14
2026-10-05T08:00:00,AI-01,ai,training + inference (GPT-6 Astra | camel-ai/CAMEL-13B-Combined-Data),Azure / South Africa West,500.19,295.31,795.5,1.5,1193.25,1007.4,1193.25,1202.08
2026-10-05T09:00:00,AI-01,ai,training + inference (GPT-6 Astra | camel-ai/CAMEL-13B-Combined-Data),Azure / South Africa West,496.87,326.54,823.41,1.5,1235.12,979.8,1235.12,1210.17
