timestamp,sensor_id,sector,source_dataset,facility_id,city,facility_class,facility_power_kw,it_power_kw,cooling_kw,ups_loss_kw,misc_overhead_kw,pue,grid_kw,diesel_kw,grid_intensity_g_per_kwh,energy_kwh,co2_kg,grid_available,dg_running,outside_temp_c
2026-04-17T00:00:00,INFRA-01,infrastructure,india_dc synthetic telemetry,IN-DC-060,Kolkata,Hyperscale,982.91,693.07,249.61,34.91,5.32,1.418,982.91,0.0,710.0,982.91,697.87,1,0,29.9
2026-04-17T01:00:00,INFRA-01,infrastructure,india_dc synthetic telemetry,IN-DC-060,Kolkata,Hyperscale,982.21,693.07,247.93,34.91,6.3,1.417,982.21,0.0,710.0,982.21,697.37,1,0,28.7
2026-04-17T02:00:00,INFRA-01,infrastructure,india_dc synthetic telemetry,IN-DC-060,Kolkata,Hyperscale,979.67,693.07,245.32,34.91,6.37,1.414,979.67,0.0,710.0,979.67,695.57,1,0,27.2
2026-04-17T03:00:00,INFRA-01,infrastructure,india_dc synthetic telemetry,IN-DC-060,Kolkata,Hyperscale,979.34,693.07,245.76,34.91,5.6,1.413,979.34,0.0,710.0,979.34,695.33,1,0,28.6
2026-04-17T04:00:00,INFRA-01,infrastructure,india_dc synthetic telemetry,IN-DC-060,Kolkata,Hyperscale,994.22,693.07,261.12,34.91,5.12,1.435,994.22,0.0,710.0,994.22,705.9,1,0,29.1
2026-04-17T05:00:00,INFRA-01,infrastructure,india_dc synthetic telemetry,IN-DC-060,Kolkata,Hyperscale,983.33,693.07,249.6,34.91,5.76,1.419,983.33,0.0,710.0,983.33,698.17,1,0,29.3
2026-04-17T06:00:00,INFRA-01,infrastructure,india_dc synthetic telemetry,IN-DC-060,Kolkata,Hyperscale,981.61,693.07,248.14,34.91,5.49,1.416,981.61,0.0,710.0,981.61,696.93,1,0,29.7
2026-04-17T07:00:00,INFRA-01,infrastructure,india_dc synthetic telemetry,IN-DC-060,Kolkata,Hyperscale,992.22,693.07,257.53,34.91,6.71,1.432,992.22,0.0,710.0,992.22,704.47,1,0,31.8
2026-04-17T08:00:00,INFRA-01,infrastructure,india_dc synthetic telemetry,IN-DC-060,Kolkata,Hyperscale,1004.99,693.07,271.05,34.91,5.96,1.45,1004.99,0.0,710.0,1004.99,713.55,1,0,32.0
2026-04-17T09:00:00,INFRA-01,infrastructure,india_dc synthetic telemetry,IN-DC-060,Kolkata,Hyperscale,996.39,693.07,263.13,34.91,5.28,1.438,996.39,0.0,710.0,996.39,707.42,1,0,33.4
2026-04-17T10:00:00,INFRA-01,infrastructure,india_dc synthetic telemetry,IN-DC-060,Kolkata,Hyperscale,1004.92,693.07,271.73,34.91,5.21,1.45,1004.92,0.0,710.0,1004.92,713.48,1,0,34.8
2026-04-17T11:00:00,INFRA-01,infrastructure,india_dc synthetic telemetry,IN-DC-060,Kolkata,Hyperscale,1011.65,693.07,279.89,34.91,3.79,1.46,1011.65,0.0,710.0,1011.65,718.28,1,0,35.7
2026-04-17T12:00:00,INFRA-01,infrastructure,india_dc synthetic telemetry,IN-DC-060,Kolkata,Hyperscale,1005.52,693.07,272.48,34.91,5.06,1.451,1005.52,0.0,710.0,1005.52,713.92,1,0,36.6
2026-04-17T13:00:00,INFRA-01,infrastructure,india_dc synthetic telemetry,IN-DC-060,Kolkata,Hyperscale,1003.8,693.07,270.96,34.91,4.85,1.448,1003.8,0.0,710.0,1003.8,712.7,1,0,36.2
2026-04-17T14:00:00,INFRA-01,infrastructure,india_dc synthetic telemetry,IN-DC-060,Kolkata,Hyperscale,1022.66,693.07,289.14,34.91,5.54,1.476,1022.66,0.0,710.0,1022.66,726.08,1,0,38.5
2026-04-17T15:00:00,INFRA-01,infrastructure,india_dc synthetic telemetry,IN-DC-060,Kolkata,Hyperscale,1017.23,693.07,283.21,34.91,6.04,1.468,1017.23,0.0,710.0,1017.23,722.24,1,0,38.1
2026-04-17T16:00:00,INFRA-01,infrastructure,india_dc synthetic telemetry,IN-DC-060,Kolkata,Hyperscale,1009.26,693.07,277.12,34.91,4.15,1.456,1009.26,0.0,710.0,1009.26,716.57,1,0,37.6
2026-04-17T17:00:00,INFRA-01,infrastructure,india_dc synthetic telemetry,IN-DC-060,Kolkata,Hyperscale,1007.94,693.07,274.25,34.91,5.71,1.454,1007.94,0.0,710.0,1007.94,715.63,1,0,36.7
2026-04-17T18:00:00,INFRA-01,infrastructure,india_dc synthetic telemetry,IN-DC-060,Kolkata,Hyperscale,1001.49,693.07,267.83,34.91,5.68,1.445,1001.49,0.0,710.0,1001.49,711.05,1,0,35.2
2026-04-17T19:00:00,INFRA-01,infrastructure,india_dc synthetic telemetry,IN-DC-060,Kolkata,Hyperscale,1007.34,693.07,274.42,34.91,4.94,1.453,1007.34,0.0,710.0,1007.34,715.2,1,0,35.6
2026-04-17T20:00:00,INFRA-01,infrastructure,india_dc synthetic telemetry,IN-DC-060,Kolkata,Hyperscale,1006.7,693.07,272.78,34.91,5.93,1.453,1006.7,0.0,710.0,1006.7,714.74,1,0,34.3
2026-04-17T21:00:00,INFRA-01,infrastructure,india_dc synthetic telemetry,IN-DC-060,Kolkata,Hyperscale,1004.44,693.07,270.16,34.91,6.3,1.449,1004.44,0.0,710.0,1004.44,713.16,1,0,33.8
2026-04-17T22:00:00,INFRA-01,infrastructure,india_dc synthetic telemetry,IN-DC-060,Kolkata,Hyperscale,996.05,693.07,262.56,34.91,5.51,1.437,996.05,0.0,710.0,996.05,707.21,1,0,32.7
2026-04-17T23:00:00,INFRA-01,infrastructure,india_dc synthetic telemetry,IN-DC-060,Kolkata,Hyperscale,993.67,693.07,260.27,34.91,5.41,1.434,993.67,0.0,710.0,993.67,705.51,1,0,31.3
2026-04-18T00:00:00,INFRA-01,infrastructure,india_dc synthetic telemetry,IN-DC-060,Kolkata,Hyperscale,993.86,693.07,258.5,34.91,7.38,1.434,993.86,0.0,710.0,993.86,705.64,1,0,29.8
2026-04-18T01:00:00,INFRA-01,infrastructure,india_dc synthetic telemetry,IN-DC-060,Kolkata,Hyperscale,998.39,693.07,262.96,34.91,7.45,1.441,998.39,0.0,710.0,998.39,708.86,1,0,30.2
2026-04-18T02:00:00,INFRA-01,infrastructure,india_dc synthetic telemetry,IN-DC-060,Kolkata,Hyperscale,984.32,693.07,250.02,34.91,6.32,1.42,984.32,0.0,710.0,984.32,698.87,1,0,29.2
2026-04-18T03:00:00,INFRA-01,infrastructure,india_dc synthetic telemetry,IN-DC-060,Kolkata,Hyperscale,984.27,693.07,250.57,34.91,5.72,1.42,984.27,0.0,710.0,984.27,698.85,1,0,28.6
2026-04-18T04:00:00,INFRA-01,infrastructure,india_dc synthetic telemetry,IN-DC-060,Kolkata,Hyperscale,984.83,693.07,251.54,34.91,5.3,1.421,984.83,0.0,710.0,984.83,699.24,1,0,28.8
2026-04-18T05:00:00,INFRA-01,infrastructure,india_dc synthetic telemetry,IN-DC-060,Kolkata,Hyperscale,990.89,693.07,255.91,34.91,7.0,1.43,990.89,0.0,710.0,990.89,703.54,1,0,29.0
2026-04-18T06:00:00,INFRA-01,infrastructure,india_dc synthetic telemetry,IN-DC-060,Kolkata,Hyperscale,989.01,693.07,256.35,34.91,4.69,1.427,989.01,0.0,710.0,989.01,702.19,1,0,29.9
2026-04-18T07:00:00,INFRA-01,infrastructure,india_dc synthetic telemetry,IN-DC-060,Kolkata,Hyperscale,995.12,693.07,260.66,34.91,6.48,1.436,995.12,0.0,710.0,995.12,706.53,1,0,31.0
2026-04-18T08:00:00,INFRA-01,infrastructure,india_dc synthetic telemetry,IN-DC-060,Kolkata,Hyperscale,988.14,693.07,253.28,34.91,6.88,1.426,988.14,0.0,710.0,988.14,701.58,1,0,31.4
2026-04-18T09:00:00,INFRA-01,infrastructure,india_dc synthetic telemetry,IN-DC-060,Kolkata,Hyperscale,1006.81,693.07,272.5,34.91,6.33,1.453,1006.81,0.0,710.0,1006.81,714.83,1,0,33.9
2026-04-18T10:00:00,INFRA-01,infrastructure,india_dc synthetic telemetry,IN-DC-060,Kolkata,Hyperscale,1001.84,693.07,269.43,34.91,4.43,1.446,1001.84,0.0,710.0,1001.84,711.31,1,0,35.1
2026-04-18T11:00:00,INFRA-01,infrastructure,india_dc synthetic telemetry,IN-DC-060,Kolkata,Hyperscale,1005.64,693.07,272.25,34.91,5.42,1.451,1005.64,0.0,710.0,1005.64,714.0,1,0,34.8
2026-04-18T12:00:00,INFRA-01,infrastructure,india_dc synthetic telemetry,IN-DC-060,Kolkata,Hyperscale,1007.52,693.07,274.07,34.91,5.47,1.454,1007.52,0.0,710.0,1007.52,715.35,1,0,36.7
2026-04-18T13:00:00,INFRA-01,infrastructure,india_dc synthetic telemetry,IN-DC-060,Kolkata,Hyperscale,1012.04,693.07,279.41,34.91,4.66,1.46,1012.04,0.0,710.0,1012.04,718.54,1,0,36.8
2026-04-18T14:00:00,INFRA-01,infrastructure,india_dc synthetic telemetry,IN-DC-060,Kolkata,Hyperscale,1004.86,693.07,271.01,34.91,5.88,1.45,1004.86,0.0,710.0,1004.86,713.46,1,0,37.2
2026-04-18T15:00:00,INFRA-01,infrastructure,india_dc synthetic telemetry,IN-DC-060,Kolkata,Hyperscale,1012.82,693.07,279.48,34.91,5.35,1.461,1012.82,0.0,710.0,1012.82,719.11,1,0,38.9
2026-04-18T16:00:00,INFRA-01,infrastructure,india_dc synthetic telemetry,IN-DC-060,Kolkata,Hyperscale,1016.34,693.07,282.52,34.91,5.84,1.466,1016.34,0.0,710.0,1016.34,721.61,1,0,38.2
2026-04-18T17:00:00,INFRA-01,infrastructure,india_dc synthetic telemetry,IN-DC-060,Kolkata,Hyperscale,1021.15,693.07,286.77,34.91,6.4,1.473,1021.15,0.0,710.0,1021.15,725.02,1,0,37.7
2026-04-18T18:00:00,INFRA-01,infrastructure,india_dc synthetic telemetry,IN-DC-060,Kolkata,Hyperscale,1006.35,693.07,273.51,34.91,4.86,1.452,1006.35,0.0,710.0,1006.35,714.5,1,0,36.6
2026-04-18T19:00:00,INFRA-01,infrastructure,india_dc synthetic telemetry,IN-DC-060,Kolkata,Hyperscale,1002.36,693.07,269.32,34.91,5.06,1.446,1002.36,0.0,710.0,1002.36,711.68,1,0,35.6
2026-04-18T20:00:00,INFRA-01,infrastructure,india_dc synthetic telemetry,IN-DC-060,Kolkata,Hyperscale,997.12,693.07,264.14,34.91,5.0,1.439,997.12,0.0,710.0,997.12,707.95,1,0,34.1
2026-04-18T21:00:00,INFRA-01,infrastructure,india_dc synthetic telemetry,IN-DC-060,Kolkata,Hyperscale,999.84,693.07,265.37,34.91,6.49,1.443,999.84,0.0,710.0,999.84,709.88,1,0,34.5
2026-04-18T22:00:00,INFRA-01,infrastructure,india_dc synthetic telemetry,IN-DC-060,Kolkata,Hyperscale,1002.74,693.07,270.05,34.91,4.72,1.447,1002.74,0.0,710.0,1002.74,711.94,1,0,32.4
2026-04-18T23:00:00,INFRA-01,infrastructure,india_dc synthetic telemetry,IN-DC-060,Kolkata,Hyperscale,993.89,693.07,259.9,34.91,6.0,1.434,993.89,0.0,710.0,993.89,705.67,1,0,31.9
2026-04-19T00:00:00,INFRA-01,infrastructure,india_dc synthetic telemetry,IN-DC-060,Kolkata,Hyperscale,988.09,693.07,254.76,34.91,5.35,1.426,988.09,0.0,710.0,988.09,701.54,1,0,30.5
2026-04-19T01:00:00,INFRA-01,infrastructure,india_dc synthetic telemetry,IN-DC-060,Kolkata,Hyperscale,986.04,693.07,252.64,34.91,5.41,1.423,986.04,0.0,710.0,986.04,700.08,1,0,29.2
2026-04-19T02:00:00,INFRA-01,infrastructure,india_dc synthetic telemetry,IN-DC-060,Kolkata,Hyperscale,990.53,693.07,257.12,34.91,5.43,1.429,990.53,0.0,710.0,990.53,703.28,1,0,29.6
2026-04-19T03:00:00,INFRA-01,infrastructure,india_dc synthetic telemetry,IN-DC-060,Kolkata,Hyperscale,982.81,693.07,249.06,34.91,5.77,1.418,982.81,0.0,710.0,982.81,697.78,1,0,28.8
2026-04-19T04:00:00,INFRA-01,infrastructure,india_dc synthetic telemetry,IN-DC-060,Kolkata,Hyperscale,979.92,693.07,246.2,34.91,5.75,1.414,0.0,979.92,710.0,979.92,695.74,0,1,28.6
2026-04-19T05:00:00,INFRA-01,infrastructure,india_dc synthetic telemetry,IN-DC-060,Kolkata,Hyperscale,992.58,693.07,258.04,34.91,6.56,1.432,0.0,992.58,710.0,992.58,704.73,0,1,30.3
2026-04-19T06:00:00,INFRA-01,infrastructure,india_dc synthetic telemetry,IN-DC-060,Kolkata,Hyperscale,992.56,693.07,259.12,34.91,5.46,1.432,992.56,0.0,710.0,992.56,704.71,1,0,30.2
2026-04-19T07:00:00,INFRA-01,infrastructure,india_dc synthetic telemetry,IN-DC-060,Kolkata,Hyperscale,989.39,693.07,255.21,34.91,6.2,1.428,989.39,0.0,710.0,989.39,702.47,1,0,31.2
2026-04-19T08:00:00,INFRA-01,infrastructure,india_dc synthetic telemetry,IN-DC-060,Kolkata,Hyperscale,989.18,693.07,254.69,34.91,6.52,1.427,989.18,0.0,710.0,989.18,702.32,1,0,32.1
2026-04-19T09:00:00,INFRA-01,infrastructure,india_dc synthetic telemetry,IN-DC-060,Kolkata,Hyperscale,995.38,693.07,262.73,34.91,4.66,1.436,995.38,0.0,710.0,995.38,706.71,1,0,33.5
2026-04-19T10:00:00,INFRA-01,infrastructure,india_dc synthetic telemetry,IN-DC-060,Kolkata,Hyperscale,1003.77,693.07,270.02,34.91,5.77,1.448,1003.77,0.0,710.0,1003.77,712.68,1,0,35.7
2026-04-19T11:00:00,INFRA-01,infrastructure,india_dc synthetic telemetry,IN-DC-060,Kolkata,Hyperscale,1008.54,693.07,273.35,34.91,7.21,1.455,1008.54,0.0,710.0,1008.54,716.07,1,0,35.6
2026-04-19T12:00:00,INFRA-01,infrastructure,india_dc synthetic telemetry,IN-DC-060,Kolkata,Hyperscale,1013.6,693.07,279.69,34.91,5.93,1.462,1013.6,0.0,710.0,1013.6,719.65,1,0,37.0
2026-04-19T13:00:00,INFRA-01,infrastructure,india_dc synthetic telemetry,IN-DC-060,Kolkata,Hyperscale,1024.01,693.07,290.9,34.91,5.13,1.477,1024.01,0.0,710.0,1024.01,727.04,1,0,37.8
2026-04-19T14:00:00,INFRA-01,infrastructure,india_dc synthetic telemetry,IN-DC-060,Kolkata,Hyperscale,1015.16,693.07,281.66,34.91,5.52,1.465,1015.16,0.0,710.0,1015.16,720.76,1,0,38.3
2026-04-19T15:00:00,INFRA-01,infrastructure,india_dc synthetic telemetry,IN-DC-060,Kolkata,Hyperscale,1020.34,693.07,286.7,34.91,5.67,1.472,1020.34,0.0,710.0,1020.34,724.45,1,0,38.6
2026-04-19T16:00:00,INFRA-01,infrastructure,india_dc synthetic telemetry,IN-DC-060,Kolkata,Hyperscale,1015.31,693.07,281.34,34.91,5.99,1.465,1015.31,0.0,710.0,1015.31,720.87,1,0,37.9
2026-04-19T17:00:00,INFRA-01,infrastructure,india_dc synthetic telemetry,IN-DC-060,Kolkata,Hyperscale,1014.01,693.07,281.16,34.91,4.88,1.463,1014.01,0.0,710.0,1014.01,719.96,1,0,38.1
2026-04-19T18:00:00,INFRA-01,infrastructure,india_dc synthetic telemetry,IN-DC-060,Kolkata,Hyperscale,1004.67,693.07,271.41,34.91,5.28,1.45,1004.67,0.0,710.0,1004.67,713.31,1,0,36.0
2026-04-19T19:00:00,INFRA-01,infrastructure,india_dc synthetic telemetry,IN-DC-060,Kolkata,Hyperscale,1012.43,693.07,278.77,34.91,5.68,1.461,1012.43,0.0,710.0,1012.43,718.83,1,0,36.1
2026-04-19T20:00:00,INFRA-01,infrastructure,india_dc synthetic telemetry,IN-DC-060,Kolkata,Hyperscale,1012.33,693.07,277.74,34.91,6.61,1.461,1012.33,0.0,710.0,1012.33,718.76,1,0,35.6
2026-04-19T21:00:00,INFRA-01,infrastructure,india_dc synthetic telemetry,IN-DC-060,Kolkata,Hyperscale,1000.37,693.07,267.07,34.91,5.32,1.443,1000.37,0.0,710.0,1000.37,710.27,1,0,33.8
2026-04-19T22:00:00,INFRA-01,infrastructure,india_dc synthetic telemetry,IN-DC-060,Kolkata,Hyperscale,1003.67,693.07,269.63,34.91,6.07,1.448,1003.67,0.0,710.0,1003.67,712.61,1,0,33.0
2026-04-19T23:00:00,INFRA-01,infrastructure,india_dc synthetic telemetry,IN-DC-060,Kolkata,Hyperscale,995.31,693.07,260.66,34.91,6.67,1.436,995.31,0.0,710.0,995.31,706.66,1,0,31.9
2026-04-20T00:00:00,INFRA-01,infrastructure,india_dc synthetic telemetry,IN-DC-060,Kolkata,Hyperscale,993.96,693.07,261.71,34.91,4.27,1.434,993.96,0.0,710.0,993.96,705.71,1,0,30.3
2026-04-20T01:00:00,INFRA-01,infrastructure,india_dc synthetic telemetry,IN-DC-060,Kolkata,Hyperscale,995.84,693.07,263.11,34.91,4.75,1.437,995.84,0.0,710.0,995.84,707.06,1,0,30.9
2026-04-20T02:00:00,INFRA-01,infrastructure,india_dc synthetic telemetry,IN-DC-060,Kolkata,Hyperscale,981.68,693.07,248.4,34.91,5.3,1.416,981.68,0.0,710.0,981.68,697.0,1,0,29.1
2026-04-20T03:00:00,INFRA-01,infrastructure,india_dc synthetic telemetry,IN-DC-060,Kolkata,Hyperscale,997.7,693.07,264.72,34.91,5.0,1.44,997.7,0.0,710.0,997.7,708.36,1,0,28.8
2026-04-20T04:00:00,INFRA-01,infrastructure,india_dc synthetic telemetry,IN-DC-060,Kolkata,Hyperscale,993.82,693.07,260.76,34.91,5.07,1.434,993.82,0.0,710.0,993.82,705.6,1,0,29.4
2026-04-20T05:00:00,INFRA-01,infrastructure,india_dc synthetic telemetry,IN-DC-060,Kolkata,Hyperscale,981.24,693.07,247.88,34.91,5.37,1.416,981.24,0.0,710.0,981.24,696.67,1,0,29.2
2026-04-20T06:00:00,INFRA-01,infrastructure,india_dc synthetic telemetry,IN-DC-060,Kolkata,Hyperscale,989.07,693.07,256.51,34.91,4.58,1.427,989.07,0.0,710.0,989.07,702.23,1,0,29.6
2026-04-20T07:00:00,INFRA-01,infrastructure,india_dc synthetic telemetry,IN-DC-060,Kolkata,Hyperscale,988.27,693.07,253.44,34.91,6.85,1.426,988.27,0.0,710.0,988.27,701.67,1,0,30.9
2026-04-20T08:00:00,INFRA-01,infrastructure,india_dc synthetic telemetry,IN-DC-060,Kolkata,Hyperscale,996.46,693.07,262.1,34.91,6.38,1.438,996.46,0.0,710.0,996.46,707.49,1,0,33.2
2026-04-20T09:00:00,INFRA-01,infrastructure,india_dc synthetic telemetry,IN-DC-060,Kolkata,Hyperscale,996.46,693.07,262.66,34.91,5.82,1.438,996.46,0.0,710.0,996.46,707.49,1,0,32.9
2026-04-20T10:00:00,INFRA-01,infrastructure,india_dc synthetic telemetry,IN-DC-060,Kolkata,Hyperscale,1001.9,693.07,270.04,34.91,3.88,1.446,1001.9,0.0,710.0,1001.9,711.36,1,0,34.6
2026-04-20T11:00:00,INFRA-01,infrastructure,india_dc synthetic telemetry,IN-DC-060,Kolkata,Hyperscale,1006.08,693.07,272.34,34.91,5.76,1.452,1006.08,0.0,710.0,1006.08,714.31,1,0,36.1
2026-04-20T12:00:00,INFRA-01,infrastructure,india_dc synthetic telemetry,IN-DC-060,Kolkata,Hyperscale,1004.1,693.07,269.51,34.91,6.61,1.449,1004.1,0.0,710.0,1004.1,712.9,1,0,36.7
2026-04-20T13:00:00,INFRA-01,infrastructure,india_dc synthetic telemetry,IN-DC-060,Kolkata,Hyperscale,1009.98,693.07,276.26,34.91,5.74,1.457,1009.98,0.0,710.0,1009.98,717.09,1,0,37.4
2026-04-20T14:00:00,INFRA-01,infrastructure,india_dc synthetic telemetry,IN-DC-060,Kolkata,Hyperscale,1022.6,693.07,288.9,34.91,5.72,1.475,1022.6,0.0,710.0,1022.6,726.04,1,0,38.8
2026-04-20T15:00:00,INFRA-01,infrastructure,india_dc synthetic telemetry,IN-DC-060,Kolkata,Hyperscale,1008.15,693.07,274.52,34.91,5.65,1.455,1008.15,0.0,710.0,1008.15,715.79,1,0,38.1
2026-04-20T16:00:00,INFRA-01,infrastructure,india_dc synthetic telemetry,IN-DC-060,Kolkata,Hyperscale,1013.86,693.07,281.11,34.91,4.77,1.463,1013.86,0.0,710.0,1013.86,719.85,1,0,38.1
2026-04-20T17:00:00,INFRA-01,infrastructure,india_dc synthetic telemetry,IN-DC-060,Kolkata,Hyperscale,1016.02,693.07,282.02,34.91,6.02,1.466,1016.02,0.0,710.0,1016.02,721.37,1,0,37.6
2026-04-20T18:00:00,INFRA-01,infrastructure,india_dc synthetic telemetry,IN-DC-060,Kolkata,Hyperscale,1006.94,693.07,274.04,34.91,4.92,1.453,1006.94,0.0,710.0,1006.94,714.92,1,0,37.0
2026-04-20T19:00:00,INFRA-01,infrastructure,india_dc synthetic telemetry,IN-DC-060,Kolkata,Hyperscale,1009.41,693.07,276.32,34.91,5.1,1.456,1009.41,0.0,710.0,1009.41,716.68,1,0,35.9
2026-04-20T20:00:00,INFRA-01,infrastructure,india_dc synthetic telemetry,IN-DC-060,Kolkata,Hyperscale,997.25,693.07,263.75,34.91,5.52,1.439,0.0,997.25,710.0,997.25,708.05,0,1,34.4
2026-04-20T21:00:00,INFRA-01,infrastructure,india_dc synthetic telemetry,IN-DC-060,Kolkata,Hyperscale,997.51,693.07,264.01,34.91,5.52,1.439,0.0,997.51,710.0,997.51,708.23,0,1,33.0
2026-04-20T22:00:00,INFRA-01,infrastructure,india_dc synthetic telemetry,IN-DC-060,Kolkata,Hyperscale,993.51,693.07,258.38,34.91,7.15,1.433,0.0,993.51,710.0,993.51,705.38,0,1,33.5
2026-04-20T23:00:00,INFRA-01,infrastructure,india_dc synthetic telemetry,IN-DC-060,Kolkata,Hyperscale,998.5,693.07,264.31,34.91,6.22,1.441,0.0,998.5,710.0,998.5,708.94,0,1,31.8
