timestamp,sensor_id,sector,source_dataset,grid_region,facility_power_kw,grid_kw,solar_kw,wind_kw,diesel_kw,grid_intensity_g_per_kwh,energy_kwh,co2_kg
2026-10-03T05:00:00,DC-01,data_centre,Nxtra by Airtel FY2025-26,"India (CEA, implied)",968.3,844.22,0.0,61.24,62.84,682.3,968.3,592.77
2026-10-03T06:00:00,DC-01,data_centre,Nxtra by Airtel FY2025-26,"India (CEA, implied)",959.06,857.95,0.0,41.15,59.96,697.9,959.06,614.75
2026-10-03T07:00:00,DC-01,data_centre,Nxtra by Airtel FY2025-26,"India (CEA, implied)",988.62,683.68,193.2,48.35,63.4,716.6,988.62,506.86
2026-10-03T08:00:00,DC-01,data_centre,Nxtra by Airtel FY2025-26,"India (CEA, implied)",981.14,525.85,363.61,29.04,62.65,709.3,981.14,389.69
2026-10-03T09:00:00,DC-01,data_centre,Nxtra by Airtel FY2025-26,"India (CEA, implied)",998.15,391.95,476.52,70.14,59.55,703.9,998.15,291.78
2026-10-03T10:00:00,DC-01,data_centre,Nxtra by Airtel FY2025-26,"India (CEA, implied)",1006.79,239.45,652.1,53.99,61.25,716.1,1006.79,187.82
2026-10-03T11:00:00,DC-01,data_centre,Nxtra by Airtel FY2025-26,"India (CEA, implied)",1041.84,259.32,687.5,37.45,57.57,718.7,1041.84,201.74
2026-10-03T12:00:00,DC-01,data_centre,Nxtra by Airtel FY2025-26,"India (CEA, implied)",1039.89,203.5,747.58,31.27,57.54,719.2,1039.89,161.72
2026-10-03T13:00:00,DC-01,data_centre,Nxtra by Airtel FY2025-26,"India (CEA, implied)",1042.33,159.82,787.24,34.56,60.71,711.7,1042.33,129.93
2026-10-03T14:00:00,DC-01,data_centre,Nxtra by Airtel FY2025-26,"India (CEA, implied)",1040.91,167.39,760.15,51.32,62.05,711.0,1040.91,135.56
2026-10-03T15:00:00,DC-01,data_centre,Nxtra by Airtel FY2025-26,"India (CEA, implied)",1043.01,307.25,657.05,19.65,59.05,703.3,1043.01,231.85
2026-10-03T16:00:00,DC-01,data_centre,Nxtra by Airtel FY2025-26,"India (CEA, implied)",1032.0,406.44,492.88,75.27,57.42,723.7,1032.0,309.48
2026-10-03T17:00:00,DC-01,data_centre,Nxtra by Airtel FY2025-26,"India (CEA, implied)",1017.23,561.56,343.73,50.17,61.77,720.1,1017.23,420.86
2026-10-03T18:00:00,DC-01,data_centre,Nxtra by Airtel FY2025-26,"India (CEA, implied)",1036.44,758.66,176.8,38.39,62.59,707.3,1036.44,553.28
2026-10-03T19:00:00,DC-01,data_centre,Nxtra by Airtel FY2025-26,"India (CEA, implied)",1006.99,915.7,0.0,29.78,61.51,712.0,1006.99,668.41
2026-10-03T20:00:00,DC-01,data_centre,Nxtra by Airtel FY2025-26,"India (CEA, implied)",1017.33,905.35,0.0,50.09,61.89,705.6,1017.33,655.33
2026-10-03T21:00:00,DC-01,data_centre,Nxtra by Airtel FY2025-26,"India (CEA, implied)",1004.57,905.44,0.0,40.26,58.87,693.0,1004.57,643.19
2026-10-03T22:00:00,DC-01,data_centre,Nxtra by Airtel FY2025-26,"India (CEA, implied)",994.47,885.67,0.0,47.34,61.46,716.3,994.47,650.84
2026-10-03T23:00:00,DC-01,data_centre,Nxtra by Airtel FY2025-26,"India (CEA, implied)",986.52,887.62,0.0,39.13,59.77,686.0,986.52,624.89
2026-10-04T00:00:00,DC-01,data_centre,Nxtra by Airtel FY2025-26,"India (CEA, implied)",957.65,868.13,0.0,28.31,61.21,697.1,957.65,621.54
2026-10-04T01:00:00,DC-01,data_centre,Nxtra by Airtel FY2025-26,"India (CEA, implied)",961.71,859.09,0.0,40.39,62.23,696.7,961.71,615.16
2026-10-04T02:00:00,DC-01,data_centre,Nxtra by Airtel FY2025-26,"India (CEA, implied)",959.39,856.14,0.0,40.72,62.54,685.5,959.39,603.54
2026-10-04T03:00:00,DC-01,data_centre,Nxtra by Airtel FY2025-26,"India (CEA, implied)",964.17,872.59,0.0,35.91,55.67,711.0,964.17,635.28
2026-10-04T04:00:00,DC-01,data_centre,Nxtra by Airtel FY2025-26,"India (CEA, implied)",956.27,843.94,0.0,47.52,64.82,706.6,956.27,613.62
2026-10-04T05:00:00,DC-01,data_centre,Nxtra by Airtel FY2025-26,"India (CEA, implied)",955.48,840.14,0.0,51.25,64.09,721.9,955.48,623.56
2026-10-04T06:00:00,DC-01,data_centre,Nxtra by Airtel FY2025-26,"India (CEA, implied)",975.18,892.38,0.0,24.71,58.09,696.8,975.18,637.35
2026-10-04T07:00:00,DC-01,data_centre,Nxtra by Airtel FY2025-26,"India (CEA, implied)",976.18,695.91,161.85,59.07,59.35,689.1,976.18,495.4
2026-10-04T08:00:00,DC-01,data_centre,Nxtra by Airtel FY2025-26,"India (CEA, implied)",979.6,488.65,362.05,62.89,66.01,751.4,979.6,384.77
2026-10-04T09:00:00,DC-01,data_centre,Nxtra by Airtel FY2025-26,"India (CEA, implied)",1004.14,472.32,464.07,6.93,60.82,698.5,1004.14,346.12
2026-10-04T10:00:00,DC-01,data_centre,Nxtra by Airtel FY2025-26,"India (CEA, implied)",1006.16,303.66,594.84,44.45,63.21,712.2,1006.16,233.14
2026-10-04T11:00:00,DC-01,data_centre,Nxtra by Airtel FY2025-26,"India (CEA, implied)",1018.38,292.54,651.73,15.55,58.55,709.2,1018.38,223.1
2026-10-04T12:00:00,DC-01,data_centre,Nxtra by Airtel FY2025-26,"India (CEA, implied)",1046.46,160.01,762.32,65.62,58.52,693.2,1046.46,126.52
2026-10-04T13:00:00,DC-01,data_centre,Nxtra by Airtel FY2025-26,"India (CEA, implied)",1024.66,169.22,710.68,87.21,57.55,721.9,1024.66,137.51
2026-10-04T14:00:00,DC-01,data_centre,Nxtra by Airtel FY2025-26,"India (CEA, implied)",1029.26,151.79,763.57,54.36,59.54,709.4,1029.26,123.57
2026-10-04T15:00:00,DC-01,data_centre,Nxtra by Airtel FY2025-26,"India (CEA, implied)",1033.19,290.54,647.78,38.53,56.34,691.9,1033.19,216.04
2026-10-04T16:00:00,DC-01,data_centre,Nxtra by Airtel FY2025-26,"India (CEA, implied)",1040.43,363.02,567.64,50.12,59.66,714.1,1040.43,275.13
2026-10-04T17:00:00,DC-01,data_centre,Nxtra by Airtel FY2025-26,"India (CEA, implied)",1048.15,586.07,359.39,39.36,63.33,716.1,1048.15,436.57
2026-10-04T18:00:00,DC-01,data_centre,Nxtra by Airtel FY2025-26,"India (CEA, implied)",1044.08,779.59,184.55,24.03,55.91,733.4,1044.08,586.7
2026-10-04T19:00:00,DC-01,data_centre,Nxtra by Airtel FY2025-26,"India (CEA, implied)",1037.58,933.3,0.0,39.88,64.4,694.3,1037.58,665.15
2026-10-04T20:00:00,DC-01,data_centre,Nxtra by Airtel FY2025-26,"India (CEA, implied)",1001.31,901.65,0.0,39.67,60.0,707.7,1001.31,654.08
2026-10-04T21:00:00,DC-01,data_centre,Nxtra by Airtel FY2025-26,"India (CEA, implied)",1003.38,892.62,0.0,48.81,61.95,680.9,1003.38,624.3
2026-10-04T22:00:00,DC-01,data_centre,Nxtra by Airtel FY2025-26,"India (CEA, implied)",989.17,907.65,0.0,24.14,57.38,705.3,989.17,655.43
2026-10-04T23:00:00,DC-01,data_centre,Nxtra by Airtel FY2025-26,"India (CEA, implied)",988.98,882.73,0.0,47.68,58.56,705.3,988.98,638.26
2026-10-05T00:00:00,DC-01,data_centre,Nxtra by Airtel FY2025-26,"India (CEA, implied)",981.46,849.61,0.0,72.3,59.55,700.1,981.46,610.71
2026-10-05T01:00:00,DC-01,data_centre,Nxtra by Airtel FY2025-26,"India (CEA, implied)",963.2,856.01,0.0,50.43,56.76,711.3,963.2,624.01
2026-10-05T02:00:00,DC-01,data_centre,Nxtra by Airtel FY2025-26,"India (CEA, implied)",963.56,823.64,0.0,82.47,57.45,705.9,963.56,596.75
2026-10-05T03:00:00,DC-01,data_centre,Nxtra by Airtel FY2025-26,"India (CEA, implied)",945.95,829.27,0.0,53.05,63.63,699.6,945.95,597.17
2026-10-05T04:00:00,DC-01,data_centre,Nxtra by Airtel FY2025-26,"India (CEA, implied)",955.07,854.21,0.0,44.04,56.83,702.5,955.07,615.23
